Date,Temp,CO2,CH4,N2O,PrimaryEnergy,LandUseCO2,CementCO2,FlaringCO2,TimeSinceBaseline,MonthSin,MonthCos,CO2_GrowthRate,CH4_GrowthRate,N2O_GrowthRate,CO2_MA12,CH4_MA12,N2O_MA12,Temp_MA12,Temp_Lag1,Temp_Lag12,CO2_Accel
2001-01-01,0.45,370.69,1772.87,316.3,111493.289,5460.704,750.748,334.076,516,0.49999999999999994,0.8660254037844387,0.0,0.0,0.0,370.69,1772.87,316.3,0.45,0.45,0.45,0.0
2001-02-01,0.43,371.18,1772.52,316.31,111493.289,5460.704,750.748,334.076,517,0.8660254037844386,0.5000000000000001,0.1321859235479783,-0.01974200025945949,0.003161555485298173,370.935,1772.695,316.305,0.44,0.45,0.45,0.0
2001-03-01,0.55,371.58,1773.65,316.21,111493.289,5460.704,750.748,334.076,518,1.0,6.123233995736766e-17,0.1077644269626532,0.06375104371179052,-0.0316145553412861,371.15000000000003,1773.0133333333333,316.2733333333333,0.47666666666666674,0.43,0.45,-0.09000000000003183
2001-04-01,0.5,371.9,1773.87,316.12,111493.289,5460.704,750.748,334.076,519,0.8660254037844387,-0.49999999999999983,0.08611873620754107,0.01240380007327957,-0.028462097972858924,371.3375,1773.2275,316.235,0.48250000000000004,0.55,0.45,-0.07999999999998408
2001-05-01,0.57,371.76,1770.88,316.11,111493.289,5460.704,750.748,334.076,520,0.49999999999999994,-0.8660254037844387,-0.037644528098945695,-0.1685580115791896,-0.0031633556877075364,371.42199999999997,1772.7580000000003,316.21,0.5,0.5,0.45,-0.45999999999997954
2001-06-01,0.52,370.83,1766.1,316.16,111493.289,5460.704,750.748,334.076,521,1.2246467991473532e-16,-1.0,-0.2501613944480341,-0.2699222985182659,0.015817278795360323,371.3233333333333,1771.6483333333333,316.20166666666665,0.5033333333333333,0.57,0.45,-0.7900000000000205
2001-07-01,0.59,369.45,1763.02,316.23,111493.289,5460.704,750.748,334.076,522,-0.4999999999999998,-0.8660254037844388,-0.37213817652292924,-0.17439556084026808,0.022140688259097985,371.05571428571426,1770.4157142857143,316.2057142857143,0.5157142857142857,0.52,0.45,-0.44999999999998863
2001-08-01,0.48,368.31,1764.51,316.3,111493.289,5460.704,750.748,334.076,523,-0.8660254037844384,-0.5000000000000004,-0.3085667884693444,0.08451407244387532,0.022135787243460214,370.7125,1769.6775,316.21750000000003,0.51125,0.59,0.45,0.2400000000000091
2001-09-01,0.51,368.36,1770.44,316.41,111493.289,5460.704,750.748,334.076,524,-1.0,-1.8369701987210297e-16,0.013575520621222914,0.3360706371740685,0.034777110338279904,370.4511111111111,1769.7622222222224,316.2388888888889,0.5111111111111111,0.48,0.45,1.1899999999999977
2001-10-01,0.49,369.71,1775.49,316.59,111493.289,5460.704,750.748,334.076,525,-0.8660254037844386,0.5000000000000001,0.366489303941786,0.28523982738752895,0.056888214658190606,370.377,1770.3349999999998,316.274,0.509,0.51,0.45,1.2999999999999545
2001-11-01,0.72,371.06,1776.58,316.76,111493.289,5460.704,750.748,334.076,526,-0.5000000000000004,0.8660254037844384,0.36515106434773514,0.06139150319066644,0.053697210903691506,370.4390909090909,1770.9027272727274,316.3181818181818,0.5281818181818182,0.49,0.45,5.684341886080802e-14
2001-12-01,0.55,371.98,1775.92,316.87,111493.289,5460.704,750.748,334.076,527,-2.4492935982947064e-16,1.0,0.2479383388131362,-0.03715002983258886,0.03472660689480822,370.56749999999994,1771.3208333333332,316.3641666666667,0.53,0.72,0.45,-0.4300000000000068
2002-01-01,0.76,372.51,1774.12,316.93,113894.43,6093.696,779.004,323.111,528,0.49999999999999994,0.8660254037844387,0.142480778536469,-0.10135591693321011,0.018935210023030002,370.7191666666667,1771.4250000000002,316.4166666666667,0.5558333333333333,0.55,0.45,-0.3900000000000432
2002-02-01,0.78,372.91,1772.86,316.97,113894.43,6093.696,779.004,323.111,529,0.8660254037844386,0.5000000000000001,0.10737966765994589,-0.07102112596667487,0.012621083520025778,370.8633333333333,1771.4533333333331,316.47166666666664,0.5850000000000001,0.76,0.43,-0.1299999999999386
2002-03-01,0.88,373.38,1773.41,316.96,113894.43,6093.696,779.004,323.111,530,1.0,6.123233995736766e-17,0.1260357727065342,0.03102331825413085,-0.003154872700905642,371.0133333333333,1771.4333333333332,316.53416666666664,0.6125,0.78,0.55,0.06999999999993634
2002-04-01,0.57,373.73,1772.74,316.9,113894.43,6093.696,779.004,323.111,531,0.8660254037844387,-0.49999999999999983,0.09373828271466156,-0.03778032152745858,-0.018929833417469233,371.1658333333333,1771.3391666666666,316.5991666666667,0.6183333333333333,0.88,0.5,-0.1199999999999477
2002-05-01,0.64,373.71,1770.28,316.85,113894.43,6093.696,779.004,323.111,532,0.49999999999999994,-0.8660254037844387,-0.0053514569341661655,-0.1387682344844765,-0.01577784790153247,371.3283333333333,1771.2891666666665,316.6608333333333,0.6241666666666666,0.57,0.57,-0.3700000000000614
2002-06-01,0.53,372.84,1766.89,316.83,113894.43,6093.696,779.004,323.111,533,1.2246467991473532e-16,-1.0,-0.23280083487196013,-0.19149513071378133,-0.006312135079700187,371.49583333333334,1771.3550000000002,316.71666666666664,0.625,0.64,0.52,-0.8499999999999659
2002-07-01,0.61,371.41,1764.26,316.82,113894.43,6093.696,779.004,323.111,534,-0.4999999999999998,-0.8660254037844388,-0.38354253835424235,-0.14884910775431193,-0.0031562667676676703,371.65916666666664,1771.4583333333333,316.7658333333333,0.6266666666666666,0.53,0.59,-0.5599999999999454
2002-08-01,0.53,370.35,1766.98,316.82,113894.43,6093.696,779.004,323.111,535,-0.8660254037844384,-0.5000000000000004,-0.28539888532888025,0.15417228753131784,0.0,371.82916666666665,1771.6641666666667,316.80916666666667,0.6308333333333334,0.61,0.48,0.3699999999999477
2002-09-01,0.63,370.67,1773.76,316.87,113894.43,6093.696,779.004,323.111,536,-1.0,-1.8369701987210297e-16,0.086404752261382,0.38370553147177855,0.015781831955052894,372.0216666666667,1771.9408333333333,316.8475,0.6408333333333334,0.53,0.51,1.3799999999999955
2002-10-01,0.54,371.95,1778.26,316.99,113894.43,6093.696,779.004,323.111,537,-0.8660254037844386,0.5000000000000001,0.34532063560579473,0.2536983582897445,0.03787042004608221,372.2083333333333,1772.1716666666669,316.8808333333333,0.645,0.63,0.49,0.9599999999999795
2002-11-01,0.59,373.28,1779.49,317.13,113894.43,6093.696,779.004,323.111,538,-0.5000000000000004,0.8660254037844384,0.35757494286865477,0.06916873797981893,0.04416543108614057,372.3933333333334,1772.4141666666667,316.9116666666667,0.6341666666666667,0.54,0.72,0.05000000000001137
2002-12-01,0.44,374.26,1779.64,317.24,113894.43,6093.696,779.004,323.111,539,-2.4492935982947064e-16,1.0,0.2625375053579182,0.008429381452002005,0.03468609087755592,372.5833333333333,1772.7241666666669,316.94250000000005,0.625,0.59,0.55,-0.3499999999999659
2003-01-01,0.74,374.94,1777.54,317.29,117849.602,7321.209,857.435,343.439,540,0.49999999999999994,0.8660254037844387,0.18169187196066527,-0.11800139354027905,0.01576093809103618,372.78583333333336,1773.0091666666667,316.9725,0.6233333333333334,0.44,0.76,-0.30000000000001137
2003-02-01,0.58,375.47,1774.83,317.34,117849.602,7321.209,857.435,343.439,541,0.8660254037844386,0.5000000000000001,0.14135595028539338,-0.15245789124295195,0.015758454410774725,372.9991666666667,1773.1733333333334,317.00333333333333,0.6066666666666666,0.74,0.78,-0.14999999999997726
2003-03-01,0.6,375.91,1774.84,317.41,117849.602,7321.209,857.435,343.439,542,1.0,6.123233995736766e-17,0.11718645963725294,0.0005634342444160723,0.02205836011850426,373.21000000000004,1773.2924999999998,317.04083333333335,0.5833333333333334,0.58,0.88,-0.09000000000003183
2003-04-01,0.55,376.39,1775.8,317.48,117849.602,7321.209,857.435,343.439,543,0.8660254037844387,-0.49999999999999983,0.12769013859699196,0.054089382704924915,0.022053495479035234,373.4316666666667,1773.5475,317.0891666666667,0.5816666666666667,0.6,0.57,0.03999999999996362
2003-05-01,0.6,376.54,1774.45,317.51,117849.602,7321.209,857.435,343.439,544,0.49999999999999994,-0.8660254037844387,0.039852280878882596,-0.07602207455793542,0.009449414136319945,373.6675,1773.8950000000002,317.14416666666665,0.5783333333333333,0.55,0.64,-0.32999999999992724
2003-06-01,0.47,375.71,1771.68,317.53,117849.602,7321.209,857.435,343.439,545,1.2246467991473532e-16,-1.0,-0.22042810856749417,-0.1561047085012257,0.006299014204280695,373.9066666666666,1774.2941666666666,317.20250000000004,0.5733333333333334,0.6,0.53,-0.980000000000075
2003-07-01,0.58,374.17,1770.71,317.56,117849.602,7321.209,857.435,343.439,546,-0.4999999999999998,-0.8660254037844388,-0.4098906071171804,-0.05475029350673344,0.009447926180206068,374.1366666666666,1774.8316666666667,317.26416666666665,0.5708333333333333,0.47,0.61,-0.7099999999999227
2003-08-01,0.64,372.94,1774.3,317.63,117849.602,7321.209,857.435,343.439,547,-0.8660254037844384,-0.5000000000000004,-0.3287275837186354,0.20274353225542274,0.02204307847335496,374.3525,1775.4416666666666,317.3316666666667,0.58,0.58,0.53,0.30999999999994543
2003-09-01,0.62,373.09,1780.55,317.77,117849.602,7321.209,857.435,343.439,548,-1.0,-1.8369701987210297e-16,0.04022094706923607,0.3522515921771996,0.04407644114221565,374.55416666666673,1776.0074999999997,317.4066666666667,0.5791666666666667,0.64,0.63,1.3799999999999955
2003-10-01,0.72,374.36,1784.69,317.93,117849.602,7321.209,857.435,343.439,549,-0.8660254037844386,0.5000000000000001,0.34040043957224153,0.23251242593580468,0.050350882713923184,374.75500000000005,1776.5433333333333,317.485,0.5941666666666666,0.62,0.54,1.1200000000000614
2003-11-01,0.52,375.65,1785.28,318.04,117849.602,7321.209,857.435,343.439,550,-0.5000000000000004,0.8660254037844384,0.34458809701889415,0.033058962620957644,0.03459881105905005,374.95249999999993,1777.0258333333331,317.56083333333333,0.5883333333333334,0.72,0.59,0.019999999999924967
2003-12-01,0.74,376.52,1783.56,318.11,117849.602,7321.209,857.435,343.439,551,-2.4492935982947064e-16,1.0,0.2315985624916861,-0.09634343072235652,0.02200981008677605,375.1408333333334,1777.3525,317.6333333333333,0.6133333333333333,0.52,0.44,-0.4199999999999591
2004-01-01,0.57,377.21,1780.74,318.18,123841.742,6443.865,895.93,341.454,552,0.49999999999999994,0.8660254037844387,0.18325719749283653,-0.15811074480253096,0.022004966835376116,375.33,1777.6191666666666,317.7075,0.5991666666666666,0.74,0.74,-0.18000000000000682
2004-02-01,0.72,377.72,1779.68,318.2,123841.742,6443.865,895.93,341.454,553,0.8660254037844386,0.5000000000000001,0.1352032024601879,-0.059525815110572644,0.006285750204271245,375.5175,1778.0233333333333,317.7791666666667,0.6108333333333333,0.57,0.58,-0.17999999999994998
2004-03-01,0.63,378.15,1780.93,318.16,123841.742,6443.865,895.93,341.454,554,1.0,6.123233995736766e-17,0.1138409403790952,0.07023734603974763,-0.01257071024511891,375.70416666666665,1778.5308333333332,317.84166666666664,0.6133333333333333,0.72,0.6,-0.08000000000009777
2004-04-01,0.6,378.48,1780.88,318.14,123841.742,6443.865,895.93,341.454,555,0.8660254037844387,-0.49999999999999983,0.08726695755654212,-0.002807521912706612,-0.006286145335687721,375.8783333333333,1778.9541666666667,317.89666666666665,0.6175,0.63,0.55,-0.09999999999990905
2004-05-01,0.36,378.41,1777.74,318.14,123841.742,6443.865,895.93,341.454,556,0.49999999999999994,-0.8660254037844387,-0.0184950327626332,-0.17631732626567365,0.0,376.03416666666664,1779.2283333333335,317.94916666666666,0.5975,0.6,0.6,-0.4000000000000341
2004-06-01,0.43,377.51,1772.43,318.13,123841.742,6443.865,895.93,341.454,557,1.2246467991473532e-16,-1.0,-0.23783726645703052,-0.29869384724424686,-0.0031432702583766847,376.18416666666667,1779.2908333333332,317.99916666666667,0.5941666666666666,0.36,0.47,-0.8300000000000409
2004-07-01,0.25,375.94,1768.17,318.14,123841.742,6443.865,895.93,341.454,558,-0.4999999999999998,-0.8660254037844388,-0.4158830229662791,-0.24034799681792451,0.003143369062952317,376.3316666666667,1779.0791666666667,318.04749999999996,0.5666666666666668,0.43,0.58,-0.6699999999999591
2004-08-01,0.44,374.47,1769.97,318.17,123841.742,6443.865,895.93,341.454,559,-0.8660254037844384,-0.5000000000000004,-0.3910198435920553,0.10180016627361343,0.009429810775141156,376.4591666666667,1778.7183333333335,318.0925,0.5499999999999999,0.25,0.64,0.10000000000002274
2004-09-01,0.5,374.38,1775.87,318.22,123841.742,6443.865,895.93,341.454,560,-1.0,-1.8369701987210297e-16,-0.02403396800813029,0.3333389831466027,0.01571486940943334,376.5666666666666,1778.3283333333331,318.13000000000005,0.5399999999999999,0.44,0.62,1.3799999999999386
2004-10-01,0.6,375.72,1780.08,318.34,123841.742,6443.865,895.93,341.454,561,-0.8660254037844386,0.5000000000000001,0.3579251028366981,0.2370669024196692,0.037709760543003235,376.68,1777.9441666666664,318.16416666666663,0.5299999999999999,0.5,0.72,1.4300000000000637
2004-11-01,0.72,377.2,1780.53,318.56,123841.742,6443.865,895.93,341.454,562,-0.5000000000000004,0.8660254037844384,0.3939103587778048,0.025279762707297593,0.06910850034556049,376.80916666666667,1777.5483333333334,318.2075,0.5466666666666667,0.6,0.52,0.13999999999992951
2004-12-01,0.5,378.17,1778.17,318.77,123841.742,6443.865,895.93,341.454,563,-2.4492935982947064e-16,1.0,0.2571580063626788,-0.13254480407518532,0.06592164741334727,376.94666666666666,1777.0991666666666,318.2625,0.5266666666666667,0.72,0.74,-0.5099999999999341
2005-01-01,0.75,378.73,1776.13,318.87,127936.719,5931.112,966.776,346.552,564,0.49999999999999994,0.8660254037844387,0.14808155062537853,-0.11472468886551956,0.0313705806694653,377.0733333333333,1776.7150000000001,318.32,0.5416666666666666,0.5,0.57,-0.410000000000025
2005-02-01,0.59,379.26,1775.76,318.89,127936.719,5931.112,966.776,346.552,565,0.8660254037844386,0.5000000000000001,0.13994138304331827,-0.020831808482491,0.006272148524466559,377.20166666666665,1776.3883333333333,318.3775,0.5308333333333334,0.75,0.72,-0.03000000000002956
2005-03-01,0.74,379.86,1775.58,318.86,127936.719,5931.112,966.776,346.552,566,1.0,6.123233995736766e-17,0.15820281601013342,-0.010136504933100365,-0.00940763272601064,377.3441666666667,1775.9425,318.43583333333333,0.54,0.59,0.63,0.07000000000005002
2005-04-01,0.66,380.32,1774.79,318.78,127936.719,5931.112,966.776,346.552,567,0.8660254037844387,-0.49999999999999983,0.12109724635391839,-0.044492503857895827,-0.025089380919540716,377.49749999999995,1775.4350000000002,318.4891666666667,0.5449999999999999,0.74,0.6,-0.1400000000000432
2005-05-01,0.62,380.42,1772.51,318.66,127936.719,5931.112,966.776,346.552,568,0.49999999999999994,-0.8660254037844387,0.026293647454789237,-0.12846590300824579,-0.03764351590437309,377.66499999999996,1774.9991666666665,318.5325,0.5666666666666667,0.66,0.36,-0.3599999999999568
2005-06-01,0.64,379.6,1768.81,318.59,127936.719,5931.112,966.776,346.552,569,1.2246467991473532e-16,-1.0,-0.21555123284789923,-0.20874353318176553,-0.021966986757060436,377.8391666666667,1774.6975,318.5708333333333,0.5841666666666666,0.62,0.43,-0.9200000000000159
2005-07-01,0.61,377.94,1766.41,318.65,127936.719,5931.112,966.776,346.552,570,-0.4999999999999998,-0.8660254037844388,-0.43730242360380256,-0.13568444321322426,0.018832982830607747,378.0058333333333,1774.5508333333335,318.61333333333334,0.6141666666666666,0.64,0.25,-0.8400000000000318
2005-08-01,0.6,376.73,1768.16,318.77,127936.719,5931.112,966.776,346.552,571,-0.8660254037844384,-0.5000000000000004,-0.32015663861988397,0.0990709971071313,0.03765887337203733,378.19416666666666,1774.3999999999999,318.66333333333336,0.6275000000000001,0.61,0.44,0.4500000000000455
2005-09-01,0.71,376.76,1773.24,318.9,127936.719,5931.112,966.776,346.552,572,-1.0,-1.8369701987210297e-16,0.007963262814203453,0.2873043163514666,0.04078175487027824,378.3925000000001,1774.180833333333,318.71999999999997,0.645,0.6,0.5,1.2399999999999523
2005-10-01,0.76,378.07,1778.59,319.11,127936.719,5931.112,966.776,346.552,573,-0.8660254037844386,0.5000000000000001,0.34770145450684353,0.3017076086711201,0.06585136406398462,378.58833333333337,1774.0566666666666,318.78416666666664,0.6583333333333333,0.71,0.6,1.2800000000000296
2005-11-01,0.74,379.53,1781.25,319.36,127936.719,5931.112,966.776,346.552,574,-0.5000000000000004,0.8660254037844384,0.3861718729335717,0.14955667129581407,0.07834289116606108,378.7825,1774.1166666666666,318.8508333333333,0.66,0.76,0.72,0.14999999999997726
2005-12-01,0.67,380.52,1780.26,319.58,127936.719,5931.112,966.776,346.552,575,-2.4492935982947064e-16,1.0,0.26084894474744935,-0.05557894736841762,0.06888777555109638,378.9783333333334,1774.2908333333335,318.9183333333333,0.6741666666666667,0.74,0.5,-0.46999999999997044
2006-01-01,0.56,381.35,1779.53,319.73,131481.203,6033.741,1047.294,346.573,576,0.49999999999999994,0.8660254037844387,0.21812256911595274,-0.041005246424685726,0.046936604293135176,379.19666666666666,1774.5741666666665,318.98999999999995,0.6583333333333333,0.67,0.75,-0.15999999999996817
2006-02-01,0.73,381.97,1779.48,319.81,131481.203,6033.741,1047.294,346.573,577,0.8660254037844386,0.5000000000000001,0.16258030680478264,-0.0028097306592145266,0.025021111562884002,379.42249999999996,1774.8841666666667,319.06666666666666,0.6699999999999999,0.56,0.59,-0.21000000000003638
2006-03-01,0.63,382.36,1777.39,319.77,131481.203,6033.741,1047.294,346.573,578,1.0,6.123233995736766e-17,0.10210225933973138,-0.11745004158517647,-0.012507426284358303,379.6308333333333,1775.0349999999999,319.1425,0.6608333333333333,0.73,0.74,-0.2300000000000182
2006-04-01,0.46,382.69,1776.12,319.7,131481.203,6033.741,1047.294,346.573,579,0.8660254037844387,-0.49999999999999983,0.08630609896431718,-0.07145308570433162,-0.02189073396503538,379.8283333333334,1775.1458333333333,319.2191666666667,0.6441666666666667,0.63,0.66,-0.060000000000002274
2006-05-01,0.48,382.64,1774.91,319.69,131481.203,6033.741,1047.294,346.573,580,0.49999999999999994,-0.8660254037844387,-0.013065405419532272,-0.06812602752065411,-0.0031279324366528805,380.0133333333333,1775.3458333333335,319.305,0.6325000000000001,0.46,0.62,-0.37999999999999545
2006-06-01,0.66,381.77,1769.23,319.66,131481.203,6033.741,1047.294,346.573,581,1.2246467991473532e-16,-1.0,-0.22736776081957455,-0.32001622617485737,-0.009384090837993853,380.19416666666666,1775.3808333333334,319.39416666666665,0.6341666666666667,0.48,0.64,-0.8199999999999932
2006-07-01,0.54,380.05,1764.17,319.63,131481.203,6033.741,1047.294,346.573,582,-0.4999999999999998,-0.8660254037844388,-0.45053304345548106,-0.2860001243478738,-0.009384971532266917,380.37000000000006,1775.1941666666664,319.47583333333336,0.6283333333333334,0.66,0.61,-0.8499999999999659
2006-08-01,0.71,378.46,1767.24,319.68,131481.203,6033.741,1047.294,346.573,583,-0.8660254037844384,-0.5000000000000004,-0.418366004473103,0.17401951059137222,0.015643087319716642,380.51416666666665,1775.1175,319.5516666666667,0.6375000000000001,0.54,0.6,0.1299999999999386
2006-09-01,0.66,378.65,1774.58,319.82,131481.203,6033.741,1047.294,346.573,584,-1.0,-1.8369701987210297e-16,0.05020345611161936,0.4153369095312387,0.04379379379380044,380.6716666666666,1775.2291666666667,319.62833333333333,0.6333333333333333,0.71,0.71,1.7800000000000296
2006-10-01,0.7,380.12,1778.25,320.0,131481.203,6033.741,1047.294,346.573,585,-0.8660254037844386,0.5000000000000001,0.38822131255777936,0.20680949858558062,0.05628165843287736,380.8425,1775.2008333333333,319.70250000000004,0.6283333333333333,0.66,0.76,1.2800000000000296
2006-11-01,0.73,381.46,1779.04,320.16,131481.203,6033.741,1047.294,346.573,586,-0.5000000000000004,0.8660254037844384,0.35252025676102416,0.0444256994235781,0.0500000000000167,381.00333333333333,1775.0166666666667,319.76916666666665,0.6275000000000001,0.7,0.74,-0.1300000000000523
2006-12-01,0.79,382.41,1779.91,320.27,131481.203,6033.741,1047.294,346.573,587,-2.4492935982947064e-16,1.0,0.24904315000262578,0.04890277902689366,0.03435782108944796,381.1608333333333,1774.9875,319.82666666666665,0.6375000000000001,0.73,0.67,-0.3899999999999295
2007-01-01,1.01,383.03,1779.25,320.36,135617.984,5593.206,1126.199,342.25,588,0.49999999999999994,0.8660254037844387,0.16212965142123892,-0.037080526543487036,0.02810128953696367,381.3008333333334,1774.9641666666666,319.87916666666666,0.6750000000000002,0.79,0.56,-0.33000000000009777
2007-02-01,0.7,383.54,1778.67,320.38,135617.984,5593.206,1126.199,342.25,589,0.8660254037844386,0.5000000000000001,0.1331488395164948,-0.03259800477728447,0.006242976651260612,381.4316666666667,1774.8966666666668,319.9266666666667,0.6725,1.01,0.73,-0.10999999999989996
2007-03-01,0.71,384.0,1780.26,320.28,135617.984,5593.206,1126.199,342.25,590,1.0,6.123233995736766e-17,0.11993533920842125,0.08939263607077308,-0.031212934640123535,381.5683333333334,1775.1358333333335,319.9691666666667,0.6791666666666667,0.7,0.63,-0.05000000000006821
2007-04-01,0.77,384.27,1781.02,320.18,135617.984,5593.206,1126.199,342.25,591,0.8660254037844387,-0.49999999999999983,0.07031250000000266,0.04269039353801407,-0.031222680154852078,381.7,1775.5441666666666,320.00916666666666,0.7050000000000001,0.71,0.46,-0.18999999999999773
2007-05-01,0.69,384.12,1779.28,320.22,135617.984,5593.206,1126.199,342.25,592,0.49999999999999994,-0.8660254037844387,-0.03903505347802039,-0.09769682541465041,0.012492972702871086,381.8233333333333,1775.908333333333,320.05333333333334,0.7225,0.77,0.48,-0.4199999999999591
2007-06-01,0.61,383.26,1775.48,320.24,135617.984,5593.206,1126.199,342.25,593,1.2246467991473532e-16,-1.0,-0.2238883682182724,-0.21356953374398469,0.0062457060770571005,381.9475,1776.4291666666668,320.1016666666667,0.7183333333333333,0.69,0.66,-0.7100000000000364
2007-07-01,0.59,381.55,1772.66,320.18,135617.984,5593.206,1126.199,342.25,594,-0.4999999999999998,-0.8660254037844388,-0.4461723112247462,-0.15883028814742683,-0.018735948038972605,382.0725,1777.136666666667,320.1475,0.7225,0.61,0.54,-0.8499999999999659
2007-08-01,0.6,380.3,1777.33,320.22,135617.984,5593.206,1126.199,342.25,595,-0.8660254037844384,-0.5000000000000004,-0.3276110601493909,0.2634458948698404,0.012492972702871086,382.22583333333336,1777.9775,320.19250000000005,0.7133333333333333,0.59,0.71,0.45999999999997954
2007-09-01,0.6,380.69,1785.87,320.46,135617.984,5593.206,1126.199,342.25,596,-1.0,-1.8369701987210297e-16,0.10255061793320586,0.4804960249362722,0.07494847292484064,382.3958333333333,1778.9183333333333,320.24583333333334,0.7083333333333334,0.6,0.66,1.6399999999999864
2007-10-01,0.59,382.11,1789.69,320.73,135617.984,5593.206,1126.199,342.25,597,-0.8660254037844386,0.5000000000000001,0.37300690850823326,0.21390134780248093,0.0842538850402752,382.56166666666667,1779.871666666667,320.3066666666667,0.6991666666666667,0.6,0.7,1.0300000000000296
2007-11-01,0.59,383.45,1789.32,320.95,135617.984,5593.206,1126.199,342.25,598,-0.5000000000000004,0.8660254037844384,0.3506843579073937,-0.020673971469931107,0.06859352103014693,382.7275,1780.7283333333335,320.3725,0.6875,0.59,0.73,-0.08000000000004093
2007-12-01,0.49,384.46,1788.08,321.16,135617.984,5593.206,1126.199,342.25,599,-2.4492935982947064e-16,1.0,0.26339809623157073,-0.06930006930007115,0.0654307524536657,382.89833333333337,1781.4091666666666,320.44666666666666,0.6625,0.59,0.79,-0.3299999999999841
2008-01-01,0.3,385.23,1786.7,321.33,137229.406,5951.02,1137.397,333.686,600,0.49999999999999994,0.8660254037844387,0.2002809134890704,-0.07717775491028478,0.052933117449227574,383.08166666666665,1782.03,320.5275,0.6033333333333333,0.49,1.01,-0.23999999999995225
2008-02-01,0.38,385.74,1785.82,321.39,137229.406,5951.02,1137.397,333.686,601,0.8660254037844386,0.5000000000000001,0.13238844326766142,-0.0492528124475311,0.01867239286714728,383.26499999999993,1782.6258333333333,320.6116666666667,0.5766666666666667,0.3,0.7,-0.26000000000004775
2008-03-01,0.74,386.15,1786.16,321.38,137229.406,5951.02,1137.397,333.686,602,1.0,6.123233995736766e-17,0.10628921034894212,0.019038872898735626,-0.003111484489248806,383.44416666666666,1783.1175,320.7033333333333,0.5791666666666666,0.38,0.71,-0.10000000000002274
2008-04-01,0.53,386.53,1786.89,321.39,137229.406,5951.02,1137.397,333.686,603,0.8660254037844387,-0.49999999999999983,0.0984073546549169,0.04086979889819098,0.003111581305614841,383.6325,1783.6066666666666,320.8041666666666,0.5591666666666667,0.74,0.77,-0.029999999999972715
2008-05-01,0.49,386.49,1785.21,321.43,137229.406,5951.02,1137.397,333.686,604,0.49999999999999994,-0.8660254037844387,-0.01034848524046339,-0.09401809848396114,0.012445937956995223,383.83,1784.1008333333336,320.90500000000003,0.5425,0.53,0.69,-0.4199999999999591
2008-06-01,0.49,385.58,1780.46,321.45,137229.406,5951.02,1137.397,333.686,605,1.2246467991473532e-16,-1.0,-0.23545240497814257,-0.2660751396194261,0.006222194568028527,384.0233333333333,1784.5158333333336,321.0058333333333,0.5325000000000001,0.49,0.61,-0.8700000000000614
2008-07-01,0.6,384.1,1777.64,321.42,137229.406,5951.02,1137.397,333.686,606,-0.4999999999999998,-0.8660254037844388,-0.3838373359614011,-0.15838603506957982,-0.0093327111525765,384.23583333333335,1784.930833333333,321.1091666666667,0.5333333333333333,0.49,0.59,-0.5699999999999363
2008-08-01,0.45,382.77,1781.05,321.4,137229.406,5951.02,1137.397,333.686,607,-0.8660254037844384,-0.5000000000000004,-0.34626399375163874,0.19182736662091138,-0.006222388152588021,384.4416666666666,1785.2408333333333,321.20750000000004,0.5208333333333334,0.6,0.6,0.14999999999992042
2008-09-01,0.6,382.54,1787.65,321.49,137229.406,5951.02,1137.397,333.686,608,-1.0,-1.8369701987210297e-16,-0.06008830368104956,0.37056792341596534,0.028002489110146023,384.5958333333333,1785.3891666666668,321.29333333333335,0.5208333333333334,0.45,0.6,1.1000000000000796
2008-10-01,0.66,383.67,1793.68,321.65,137229.406,5951.02,1137.397,333.686,609,-0.8660254037844386,0.5000000000000001,0.2953939457311705,0.33731435124324527,0.04976826650906485,384.72583333333336,1785.7216666666666,321.37,0.5266666666666667,0.6,0.59,1.3599999999999568
2008-11-01,0.69,385.18,1797.31,321.8,137229.406,5951.02,1137.397,333.686,610,-0.5000000000000004,0.8660254037844384,0.3935673886412694,0.20237723562730459,0.046634540649792555,384.86999999999995,1786.3874999999998,321.44083333333333,0.535,0.66,0.59,0.37999999999999545
2008-12-01,0.53,386.27,1796.57,321.98,137229.406,5951.02,1137.397,333.686,611,-2.4492935982947064e-16,1.0,0.2829845786385565,-0.0411726413362179,0.05593536357986206,385.0208333333333,1787.095,321.50916666666666,0.5383333333333333,0.69,0.49,-0.4200000000000159
2009-01-01,0.64,387.03,1795.06,322.21,135033.219,6534.817,1170.606,328.636,612,0.49999999999999994,0.8660254037844387,0.1967535661583808,-0.08404904902119537,0.071433008261379,385.17083333333335,1787.7916666666667,321.58250000000004,0.5666666666666668,0.53,0.3,-0.3299999999999841
2009-02-01,0.53,387.48,1795.59,322.34,135033.219,6534.817,1170.606,328.636,613,0.8660254037844386,0.5000000000000001,0.1162700565847663,0.02952547547157014,0.04034635796530406,385.31583333333333,1788.6058333333333,321.6616666666667,0.5791666666666666,0.64,0.38,-0.30999999999994543
2009-03-01,0.53,387.71,1795.93,322.27,135033.219,6534.817,1170.606,328.636,614,1.0,6.123233995736766e-17,0.05935790234332661,0.018935280325704795,-0.021716200285415432,385.44583333333327,1789.42,321.73583333333335,0.5616666666666666,0.53,0.74,-0.22000000000008413
2009-04-01,0.61,387.99,1795.55,322.1,135033.219,6534.817,1170.606,328.636,615,0.8660254037844387,-0.49999999999999983,0.07221892651725348,-0.02115895385678135,-0.05275079901944091,385.56749999999994,1790.1416666666667,321.795,0.5683333333333334,0.53,0.53,0.05000000000006821
2009-05-01,0.65,387.95,1792.4,321.98,135033.219,6534.817,1170.606,328.636,616,0.49999999999999994,-0.8660254037844387,-0.010309544060416176,-0.17543371111914396,-0.03725551071096511,385.6891666666667,1790.7408333333333,321.84083333333336,0.5816666666666667,0.61,0.49,-0.32000000000005
2009-06-01,0.63,386.96,1786.95,321.95,135033.219,6534.817,1170.606,328.636,617,1.2246467991473532e-16,-1.0,-0.25518752416548995,-0.3040615933943336,-0.009317348903670197,385.80416666666673,1791.2816666666668,321.8825,0.5933333333333334,0.65,0.49,-0.9499999999999886
2009-07-01,0.73,385.01,1785.06,322.02,135033.219,6534.817,1170.606,328.636,618,-0.4999999999999998,-0.8660254037844388,-0.5039280545792835,-0.10576680936792426,0.02174250660040844,385.87999999999994,1791.8999999999999,321.9325,0.6041666666666666,0.63,0.6,-0.9599999999999795
2009-08-01,0.68,383.63,1788.92,322.15,135033.219,6534.817,1170.606,328.636,619,-0.8660254037844384,-0.5000000000000004,-0.3584322485130298,0.216239230053894,0.04037016334388355,385.95166666666665,1792.5558333333336,321.995,0.6233333333333333,0.73,0.45,0.5699999999999932
2009-09-01,0.71,383.93,1794.81,322.3,135033.219,6534.817,1170.606,328.636,620,-1.0,-1.8369701987210297e-16,0.07820034929488795,0.3292489323166947,0.04656216048426476,386.06750000000005,1793.1525,322.0625,0.6325,0.68,0.6,1.6800000000000068
2009-10-01,0.65,385.49,1798.01,322.51,135033.219,6534.817,1170.606,328.636,621,-0.8660254037844386,0.5000000000000001,0.40632406949183686,0.17829185261950542,0.06515668631708049,386.2191666666667,1793.5133333333333,322.13416666666666,0.6316666666666667,0.71,0.66,1.259999999999991
2009-11-01,0.79,386.94,1797.86,322.71,135033.219,6534.817,1170.606,328.636,622,-0.5000000000000004,0.8660254037844384,0.3761446470725627,-0.008342556493012854,0.06201358097424059,386.36583333333334,1793.559166666667,322.21,0.64,0.65,0.69,-0.11000000000001364
2009-12-01,0.67,387.84,1796.73,322.84,135033.219,6534.817,1170.606,328.636,623,-2.4492935982947064e-16,1.0,0.23259420065124825,-0.06285250241954143,0.040283846177691096,386.4966666666666,1793.5725,322.28166666666664,0.6516666666666667,0.79,0.53,-0.5500000000000114
2010-01-01,0.74,388.62,1797.37,322.91,141602.047,6517.829,1251.813,339.741,624,0.49999999999999994,0.8660254037844387,0.2011138613861485,0.0356202657049165,0.021682567215974835,386.62916666666666,1793.765,322.34,0.66,0.67,0.64,-0.1199999999999477
2010-02-01,0.83,389.33,1798.96,322.93,141602.047,6517.829,1251.813,339.741,625,0.8660254037844386,0.5000000000000001,0.18269775101640295,0.08846258700212495,0.0061936762565384385,386.78333333333336,1794.0458333333333,322.38916666666665,0.685,0.74,0.53,-0.07000000000005002
2010-03-01,0.92,389.68,1799.49,322.94,141602.047,6517.829,1251.813,339.741,626,1.0,6.123233995736766e-17,0.08989802994889828,0.02946146662516913,0.003096646332023667,386.9475,1794.3425,322.445,0.7174999999999999,0.83,0.53,-0.3599999999999568
2010-04-01,0.85,389.98,1799.61,322.97,141602.047,6517.829,1251.813,339.741,627,0.8660254037844387,-0.49999999999999983,0.07698624512419983,0.0066685560908830155,0.009289651328425741,387.1133333333333,1794.6808333333336,322.5175,0.7374999999999999,0.92,0.61,-0.05000000000001137
2010-05-01,0.75,389.95,1797.63,323.01,141602.047,6517.829,1251.813,339.741,628,0.49999999999999994,-0.8660254037844387,-0.007692702189865397,-0.11002383849832986,0.012385051243146705,387.28,1795.1166666666666,322.6033333333333,0.7458333333333332,0.85,0.65,-0.3300000000000409
2010-06-01,0.67,389.01,1792.4,323.0,141602.047,6517.829,1251.813,339.741,629,1.2246467991473532e-16,-1.0,-0.24105654571098256,-0.2909386247448076,-0.0030958793845403676,387.4508333333333,1795.5708333333332,322.69083333333333,0.7491666666666666,0.75,0.63,-0.9099999999999682
2010-07-01,0.63,387.35,1789.29,323.02,141602.047,6517.829,1251.813,339.741,630,-0.4999999999999998,-0.8660254037844388,-0.4267242487339562,-0.17351037714796735,0.00619195046438481,387.6458333333333,1795.9233333333334,322.77416666666664,0.7408333333333333,0.67,0.73,-0.7199999999999704
2010-08-01,0.66,386.23,1794.0,323.1,141602.047,6517.829,1251.813,339.741,631,-0.8660254037844384,-0.5000000000000004,-0.28914418484574655,0.26323290243617237,0.02476626834253537,387.8625,1796.3466666666666,322.8533333333333,0.7391666666666667,0.63,0.68,0.5399999999999636
2010-09-01,0.62,386.7,1801.93,323.26,141602.047,6517.829,1251.813,339.741,632,-1.0,-1.8369701987210297e-16,0.12168914895269722,0.4420289855072479,0.04952027236149181,388.0933333333333,1796.9400000000003,322.93333333333334,0.7316666666666666,0.66,0.71,1.589999999999975
2010-10-01,0.71,388.25,1806.73,323.51,141602.047,6517.829,1251.813,339.741,633,-0.8660254037844386,0.5000000000000001,0.40082751486940627,0.2663810469885064,0.07733712800841452,388.3233333333333,1797.6666666666667,323.01666666666665,0.7366666666666668,0.62,0.65,1.080000000000041
2010-11-01,0.81,389.62,1807.07,323.75,141602.047,6517.829,1251.813,339.741,634,-0.5000000000000004,0.8660254037844384,0.3528654217643368,0.0188185285017628,0.07418626935797867,388.5466666666666,1798.4341666666667,323.1033333333333,0.7383333333333333,0.71,0.79,-0.18000000000000682
2010-12-01,0.45,390.34,1803.28,323.92,141602.047,6517.829,1251.813,339.741,635,-2.4492935982947064e-16,1.0,0.18479544171243756,-0.20973177574747925,0.0525096525096469,388.75500000000005,1798.9799999999998,323.1933333333333,0.7200000000000001,0.81,0.67,-0.6500000000000341
2011-01-01,0.52,390.85,1799.99,324.03,144913.297,6392.556,1344.747,356.251,636,0.49999999999999994,0.8660254037844387,0.1306553261259502,-0.18244532185794915,0.03395900222276094,388.94083333333333,1799.1983333333335,323.28666666666663,0.7016666666666667,0.45,0.74,-0.2099999999999227
2011-02-01,0.47,391.29,1800.03,324.07,144913.297,6392.556,1344.747,356.251,637,0.8660254037844386,0.5000000000000001,0.11257515670972662,0.002222234567961223,0.012344535999764261,389.1041666666667,1799.2875000000001,323.38166666666666,0.6716666666666667,0.52,0.83,-0.07000000000005002
2011-03-01,0.65,391.66,1801.03,324.07,144913.297,6392.556,1344.747,356.251,638,1.0,6.123233995736766e-17,0.09455902271973127,0.055554629645060416,0.0,389.2691666666667,1799.4158333333332,323.47583333333336,0.6491666666666667,0.47,0.92,-0.06999999999999318
2011-04-01,0.64,392.05,1802.82,324.06,144913.297,6392.556,1344.747,356.251,639,0.8660254037844387,-0.49999999999999983,0.0995761629985159,0.09938757266674259,-0.0030857530780359355,389.44166666666666,1799.6833333333332,323.56666666666666,0.6316666666666667,0.65,0.85,0.01999999999998181
2011-05-01,0.53,392.08,1803.13,324.05,144913.297,6392.556,1344.747,356.251,640,0.49999999999999994,-0.8660254037844387,0.007652085193199376,0.017195282945614565,-0.0030858482996998227,389.6191666666667,1800.1416666666667,323.65333333333336,0.6133333333333334,0.64,0.75,-0.36000000000001364
2011-06-01,0.62,391.14,1798.99,324.05,144913.297,6392.556,1344.747,356.251,641,1.2246467991473532e-16,-1.0,-0.23974699041011682,-0.2296007498072905,0.0,389.7966666666666,1800.6908333333333,323.74083333333334,0.6091666666666667,0.53,0.67,-0.9699999999999704
2011-07-01,0.7,389.2,1796.05,324.05,144913.297,6392.556,1344.747,356.251,642,-0.4999999999999998,-0.8660254037844388,-0.49598609193639565,-0.16342503293514943,0.0,389.9508333333334,1801.2541666666666,323.82666666666665,0.6150000000000001,0.62,0.63,-1.0
2011-08-01,0.74,387.87,1798.99,324.1,144913.297,6392.556,1344.747,356.251,643,-0.8660254037844384,-0.5000000000000004,-0.3417266187050294,0.16369254753487716,0.015429717636172846,390.08750000000003,1801.67,323.91,0.6216666666666667,0.7,0.66,0.6100000000000136
2011-09-01,0.55,388.27,1804.16,324.24,144913.297,6392.556,1344.747,356.251,644,-1.0,-1.8369701987210297e-16,0.10312733647870331,0.28738347628392,0.043196544276447035,390.2183333333333,1801.8558333333333,323.9916666666666,0.6158333333333333,0.74,0.62,1.7299999999999613
2011-10-01,0.65,389.83,1809.6,324.45,144913.297,6392.556,1344.747,356.251,645,-0.8660254037844386,0.5000000000000001,0.4017822649187375,0.30152536360410487,0.06476683937823857,390.34999999999997,1802.095,324.07,0.6108333333333333,0.55,0.71,1.160000000000025
2011-11-01,0.59,391.19,1812.32,324.64,144913.297,6392.556,1344.747,356.251,646,-0.5000000000000004,0.8660254037844384,0.34887002026524616,0.1503094606542854,0.05856064108491488,390.48083333333335,1802.5325,324.14416666666665,0.5924999999999999,0.65,0.81,-0.19999999999998863
2011-12-01,0.6,392.02,1810.04,324.77,144913.297,6392.556,1344.747,356.251,647,-2.4492935982947064e-16,1.0,0.2121731128096327,-0.12580559724552076,0.040044356826030025,390.62083333333334,1803.0958333333335,324.215,0.6050000000000001,0.59,0.45,-0.5300000000000296
2012-01-01,0.47,392.61,1807.44,324.9,147002.422,6682.122,1377.354,374.059,648,0.49999999999999994,0.8660254037844387,0.15050252538135744,-0.14364323440365645,0.04002832773963849,390.7675,1803.7166666666665,324.2875,0.6008333333333333,0.6,0.52,-0.23999999999995225
2012-02-01,0.48,393.2,1808.39,324.97,147002.422,6682.122,1377.354,374.059,649,0.8660254037844386,0.5000000000000001,0.1502763556710196,0.05256052759705643,0.02154509079719258,390.9266666666667,1804.4133333333332,324.3625,0.6016666666666667,0.47,0.47,-5.684341886080802e-14
2012-03-01,0.56,393.72,1810.05,324.95,147002.422,6682.122,1377.354,374.059,650,1.0,6.123233995736766e-17,0.13224821973552014,0.09179435851778273,-0.006154414253634055,391.09833333333336,1805.1650000000002,324.43583333333333,0.5941666666666666,0.48,0.65,-0.06999999999993634
2012-04-01,0.72,393.99,1808.51,324.92,147002.422,6682.122,1377.354,374.059,651,0.8660254037844387,-0.49999999999999983,0.06857665345929576,-0.08508052263749288,-0.009232189567620619,391.26,1805.6391666666668,324.5075,0.6008333333333333,0.56,0.64,-0.25000000000005684
2012-05-01,0.78,393.88,1804.84,324.9,147002.422,6682.122,1377.354,374.059,652,0.49999999999999994,-0.8660254037844387,-0.02791949034239849,-0.20292948338688221,-0.006155361319726271,391.41,1805.7816666666668,324.5783333333333,0.6216666666666667,0.72,0.53,-0.37999999999999545
2012-06-01,0.64,392.84,1801.04,324.86,147002.422,6682.122,1377.354,374.059,653,1.2246467991473532e-16,-1.0,-0.26403980907890867,-0.2105449790563152,-0.012311480455517998,391.5516666666667,1805.9525,324.6458333333333,0.6233333333333333,0.78,0.62,-0.9300000000000068
2012-07-01,0.58,391.0,1799.36,324.87,147002.422,6682.122,1377.354,374.059,654,-0.4999999999999998,-0.8660254037844388,-0.4683840749414414,-0.0932794385466229,0.0030782490919145644,391.7016666666666,1806.2283333333332,324.71416666666664,0.6133333333333333,0.64,0.7,-0.7999999999999545
2012-08-01,0.65,389.89,1803.29,324.97,147002.422,6682.122,1377.354,374.059,655,-0.8660254037844384,-0.5000000000000004,-0.28388746803069687,0.2184109905744247,0.030781543386582122,391.86999999999995,1806.5866666666668,324.7866666666667,0.6058333333333333,0.58,0.74,0.7299999999999613
2012-09-01,0.71,390.55,1810.16,325.12,147002.422,6682.122,1377.354,374.059,656,-1.0,-1.8369701987210297e-16,0.16927851445280861,0.3809703375497131,0.046158106902161045,392.06,1807.0866666666664,324.85999999999996,0.6191666666666666,0.65,0.55,1.7700000000000387
2012-10-01,0.79,392.16,1814.86,325.28,147002.422,6682.122,1377.354,374.059,657,-0.8660254037844386,0.5000000000000001,0.4122391499167932,0.2596455561939104,0.04921259842518566,392.25416666666666,1807.5249999999999,324.9291666666667,0.6308333333333334,0.71,0.65,0.9499999999999886
2012-11-01,0.78,393.56,1815.95,325.43,147002.422,6682.122,1377.354,374.059,658,-0.5000000000000004,0.8660254037844384,0.35699714402284144,0.060059729125128136,0.04611411706838542,392.45166666666665,1807.8275,324.995,0.6466666666666667,0.79,0.59,-0.21000000000003638
2012-12-01,0.52,394.39,1814.56,325.53,147002.422,6682.122,1377.354,374.059,659,-2.4492935982947064e-16,1.0,0.2108954162008292,-0.0765439577080973,0.030728574501415196,392.64916666666664,1808.2041666666664,325.05833333333334,0.64,0.78,0.6,-0.5699999999999932
2013-01-01,0.71,395.07,1814.05,325.58,149599.734,6319.521,1441.334,382.017,660,0.49999999999999994,0.8660254037844387,0.1724181647607681,-0.028105987126358922,0.015359567474582114,392.8541666666667,1808.755,325.115,0.66,0.52,0.47,-0.14999999999997726
2013-02-01,0.61,395.69,1814.15,325.62,149599.734,6319.521,1441.334,382.017,661,0.8660254037844386,0.5000000000000001,0.15693421418989661,0.0055125272181211216,0.012285766939013065,393.06166666666667,1809.235,325.1691666666667,0.6708333333333333,0.71,0.48,-0.060000000000002274
2013-03-01,0.67,396.28,1813.25,325.68,149599.734,6319.521,1441.334,382.017,662,1.0,6.123233995736766e-17,0.1491066238722194,-0.04961001019762046,0.018426386585601584,393.27500000000003,1809.5016666666663,325.22999999999996,0.68,0.61,0.56,-0.03000000000002956
2013-04-01,0.53,396.74,1812.84,325.74,149599.734,6319.521,1441.334,382.017,663,0.8660254037844387,-0.49999999999999983,0.11607953971939367,-0.022611333241417952,0.018422991893873863,393.5041666666666,1809.8625,325.29833333333335,0.6641666666666667,0.67,0.72,-0.1299999999999386
2013-05-01,0.6,396.75,1811.93,325.81,149599.734,6319.521,1441.334,382.017,664,0.49999999999999994,-0.8660254037844387,0.0025205424207364047,-0.05019748019681192,0.021489531528207095,393.74333333333334,1810.4533333333331,325.37416666666667,0.6491666666666667,0.53,0.78,-0.4500000000000455
2013-06-01,0.69,395.96,1808.59,325.9,149599.734,6319.521,1441.334,382.017,665,1.2246467991473532e-16,-1.0,-0.1991178323881626,-0.184333831880934,0.027623461526649074,394.00333333333333,1811.0824999999998,325.46083333333337,0.6533333333333333,0.6,0.64,-0.8000000000000114
2013-07-01,0.6,394.48,1805.98,325.96,149599.734,6319.521,1441.334,382.017,666,-0.4999999999999998,-0.8660254037844388,-0.3737751288008795,-0.1443113143387853,0.018410555385095506,394.29333333333335,1811.6341666666667,325.5516666666667,0.655,0.69,0.58,-0.6899999999999409
2013-08-01,0.7,393.24,1808.52,325.98,149599.734,6319.521,1441.334,382.017,667,-0.8660254037844384,-0.5000000000000004,-0.3143378625025339,0.1406438609508287,0.006135722174516189,394.5725,1812.07,325.6358333333333,0.6591666666666667,0.6,0.65,0.23999999999995225
2013-09-01,0.76,393.21,1814.24,326.05,149599.734,6319.521,1441.334,382.017,668,-1.0,-1.8369701987210297e-16,-0.007628928898395504,0.3162807157233605,0.021473710043551364,394.7941666666666,1812.41,325.7133333333333,0.6633333333333333,0.7,0.71,1.2099999999999795
2013-10-01,0.69,394.5,1818.51,326.2,149599.734,6319.521,1441.334,382.017,669,-0.8660254037844386,0.5000000000000001,0.3280689707789719,0.235360261045936,0.0460052139242384,394.9891666666667,1812.7141666666666,325.78999999999996,0.6549999999999999,0.76,0.79,1.32000000000005
2013-11-01,0.83,395.96,1820.34,326.38,149599.734,6319.521,1441.334,382.017,670,-0.5000000000000004,0.8660254037844384,0.37008871989860914,0.10063183595361291,0.05518087063152155,395.1891666666666,1813.08,325.8691666666667,0.6591666666666666,0.69,0.78,0.16999999999995907
2013-12-01,0.7,396.87,1819.32,326.52,149599.734,6319.521,1441.334,382.017,671,-2.4492935982947064e-16,1.0,0.22982119406000923,-0.05603348824945176,0.042894785219682596,395.3958333333333,1813.4766666666667,325.95166666666665,0.6741666666666667,0.83,0.52,-0.5499999999999545
2014-01-01,0.76,397.51,1816.76,326.61,151239.172,6409.911,1492.451,383.772,672,0.49999999999999994,0.8660254037844387,0.16126187416534155,-0.140711914341618,0.027563395810381586,395.59916666666663,1813.7025,326.03749999999997,0.6783333333333333,0.7,0.71,-0.27000000000003865
2014-02-01,0.55,397.97,1816.27,326.66,151239.172,6409.911,1492.451,383.772,673,0.8660254037844386,0.5000000000000001,0.1157203592362599,-0.026971091393468427,0.015308778053335637,395.7891666666667,1813.8791666666666,326.12416666666667,0.6733333333333333,0.76,0.61,-0.17999999999994998
2014-03-01,0.78,398.27,1818.06,326.72,151239.172,6409.911,1492.451,383.772,674,1.0,6.123233995736766e-17,0.07538256652510622,0.09855362914104049,0.018367721790246705,395.955,1814.28,326.21083333333337,0.6825,0.55,0.67,-0.16000000000008185
2014-04-01,0.8,398.63,1820.88,326.79,151239.172,6409.911,1492.451,383.772,675,0.8660254037844387,-0.49999999999999983,0.09039094081904064,0.15511039239630708,0.021425073457392863,396.11249999999995,1814.95,326.29833333333335,0.705,0.78,0.53,0.06000000000005912
2014-05-01,0.86,398.69,1821.95,326.82,151239.172,6409.911,1492.451,383.772,676,0.49999999999999994,-0.8660254037844387,0.015051551564115861,0.05876279601071399,0.009180207472669899,396.27416666666676,1815.785,326.3825,0.7266666666666667,0.8,0.6,-0.30000000000001137
2014-06-01,0.67,397.72,1818.46,326.89,151239.172,6409.911,1492.451,383.772,677,1.2246467991473532e-16,-1.0,-0.24329679701020623,-0.19155300639425166,0.021418517838567297,396.42083333333335,1816.6075,326.465,0.7250000000000001,0.86,0.69,-1.0299999999999727
2014-07-01,0.58,396.13,1815.76,327.03,151239.172,6409.911,1492.451,383.772,678,-0.4999999999999998,-0.8660254037844388,-0.3997787388112295,-0.14847728297571194,0.04282786258373861,396.55833333333334,1817.4225,326.5541666666666,0.7233333333333335,0.67,0.6,-0.6200000000000614
2014-08-01,0.83,395.02,1819.88,327.19,151239.172,6409.911,1492.451,383.772,679,-0.8660254037844384,-0.5000000000000004,-0.28021104182970324,0.22690223377539454,0.048925175060410275,396.7066666666667,1818.3691666666666,326.65500000000003,0.7341666666666665,0.58,0.7,0.4800000000000182
2014-09-01,0.87,395.12,1826.87,327.34,151239.172,6409.911,1492.451,383.772,680,-1.0,-1.8369701987210297e-16,0.025315173915241296,0.3840912587643075,0.045844921910820347,396.86583333333334,1819.4216666666664,326.7625,0.7433333333333333,0.83,0.76,1.2100000000000364
2014-10-01,0.8,396.38,1831.22,327.52,151239.172,6409.911,1492.451,383.772,681,-0.8660254037844386,0.5000000000000001,0.318890463656607,0.23811218094336173,0.05498869676789919,397.02250000000004,1820.4808333333333,326.8725,0.7525000000000001,0.87,0.69,1.1599999999999682
2014-11-01,0.67,397.86,1833.0,327.72,151239.172,6409.911,1492.451,383.772,682,-0.5000000000000004,0.8660254037844384,0.37337908068015846,0.09720295759110265,0.061064973131430555,397.18083333333334,1821.5358333333334,326.9841666666667,0.7391666666666667,0.8,0.83,0.22000000000002728
2014-12-01,0.78,398.83,1833.46,327.87,151239.172,6409.911,1492.451,383.772,683,-2.4492935982947064e-16,1.0,0.2438043532901002,0.025095471903990862,0.045770779934084516,397.3441666666667,1822.7141666666666,327.0966666666667,0.7458333333333335,0.67,0.7,-0.5100000000000477
2015-01-01,0.86,399.56,1833.11,327.98,152357.625,6512.625,1440.666,381.194,684,0.49999999999999994,0.8660254037844387,0.18303537848205487,-0.01908959017378198,0.03354988257542324,397.51500000000004,1824.0766666666666,327.21083333333337,0.7541666666666665,0.78,0.76,-0.23999999999995225
2015-02-01,0.91,400.12,1832.96,328.04,152357.625,6512.625,1440.666,381.194,685,0.8660254037844386,0.5000000000000001,0.14015416958654825,-0.008182814997459431,0.018293798402346795,397.69416666666666,1825.4675,327.3258333333334,0.7841666666666667,0.86,0.55,-0.17000000000001592
2015-03-01,0.96,400.57,1833.19,328.04,152357.625,6512.625,1440.666,381.194,686,1.0,6.123233995736766e-17,0.11246626012195726,0.012548009776547353,0.0,397.8858333333333,1826.7283333333335,327.43583333333333,0.7991666666666667,0.91,0.78,-0.11000000000001364
2015-04-01,0.75,400.96,1833.15,327.98,152357.625,6512.625,1440.666,381.194,687,0.8660254037844387,-0.49999999999999983,0.09736126020420954,-0.0021819887736640453,-0.018290452383851186,398.08,1827.7508333333333,327.535,0.795,0.96,0.8,-0.060000000000002274
2015-05-01,0.79,400.91,1831.52,327.93,152357.625,6512.625,1440.666,381.194,688,0.49999999999999994,-0.8660254037844387,-0.012470071827597184,-0.0889179827073705,-0.015244832001959363,398.26500000000004,1828.5483333333332,327.6275,0.7891666666666666,0.75,0.86,-0.4399999999999409
2015-06-01,0.81,400.06,1827.11,327.95,152357.625,6512.625,1440.666,381.194,689,1.2246467991473532e-16,-1.0,-0.2120176598239043,-0.240783611426576,0.006098862562131657,398.46000000000004,1829.2691666666667,327.71583333333336,0.8008333333333333,0.79,0.67,-0.8000000000000682
2015-07-01,0.73,398.38,1824.59,328.03,152357.625,6512.625,1440.666,381.194,690,-0.4999999999999998,-0.8660254037844388,-0.4199370094485899,-0.13792273043221615,0.024393962494273502,398.64750000000004,1830.005,327.7991666666667,0.8133333333333334,0.81,0.58,-0.8299999999999841
2015-08-01,0.79,397.07,1828.96,328.12,152357.625,6512.625,1440.666,381.194,691,-0.8660254037844384,-0.5000000000000004,-0.32883176866308483,0.23950586159082743,0.027436514952916546,398.8183333333333,1830.7616666666665,327.87666666666667,0.8099999999999999,0.73,0.83,0.37000000000000455
2015-09-01,0.83,397.34,1836.21,328.24,152357.625,6512.625,1440.666,381.194,692,-1.0,-1.8369701987210297e-16,0.0679980859797924,0.39640013997026546,0.03657198585882426,399.00333333333333,1831.54,327.95166666666665,0.8066666666666666,0.79,0.87,1.579999999999984
2015-10-01,1.07,398.8,1841.48,328.42,152357.625,6512.625,1440.666,381.194,693,-0.8660254037844386,0.5000000000000001,0.3674434992701592,0.2870042097581349,0.05483792347062977,399.205,1832.3950000000002,328.0266666666667,0.8291666666666666,0.83,0.8,1.1900000000000546
2015-11-01,1.05,400.36,1844.54,328.61,152357.625,6512.625,1440.666,381.194,694,-0.5000000000000004,0.8660254037844384,0.39117352056168286,0.1661706887937875,0.057852749528053415,399.41333333333336,1833.3566666666666,328.10083333333336,0.8608333333333333,1.07,0.67,0.0999999999999659
2015-12-01,1.17,401.66,1844.74,328.77,152357.625,6512.625,1440.666,381.194,695,-2.4492935982947064e-16,1.0,0.32470776301329884,0.010842811757938442,0.048689936398771394,399.64916666666664,1834.2966666666669,328.1758333333333,0.8933333333333334,1.05,0.78,-0.2599999999999909
2016-01-01,1.17,402.61,1842.53,328.87,154221.484,5376.553,1476.147,371.508,696,0.49999999999999994,0.8660254037844387,0.23651844843897152,-0.11980008022810518,0.030416400523169962,399.90333333333336,1835.0816666666667,328.25,0.9191666666666668,1.17,0.86,-0.35000000000002274
2016-02-01,1.36,403.24,1841.74,328.9,154221.484,5376.553,1476.147,371.508,697,0.8660254037844386,0.5000000000000001,0.15647897469015515,-0.04287582834472392,0.009122145528617231,400.16333333333336,1835.8133333333335,328.32166666666666,0.9566666666666667,1.17,0.91,-0.3199999999999932
2016-03-01,1.35,403.82,1843.04,328.88,154221.484,5376.553,1476.147,371.508,698,1.0,6.123233995736766e-17,0.1438349370102232,0.07058542465276929,-0.00608087564608617,400.43416666666667,1836.6341666666667,328.39166666666665,0.9891666666666666,1.36,0.96,-0.05000000000001137
2016-04-01,1.08,404.34,1843.74,328.88,154221.484,5376.553,1476.147,371.508,699,0.8660254037844387,-0.49999999999999983,0.12877024416819705,0.03798072749370274,0.0,400.71583333333336,1837.5166666666667,328.46666666666664,1.0166666666666666,1.35,0.75,-0.060000000000002274
2016-05-01,0.95,404.41,1842.15,328.91,154221.484,5376.553,1476.147,371.508,700,0.49999999999999994,-0.8660254037844387,0.017312163031135697,-0.0862377558657923,0.009121868158601387,401.0075,1838.4025000000001,328.54833333333335,1.03,1.08,0.79,-0.4499999999999318
2016-06-01,0.8,403.63,1837.9,328.91,154221.484,5376.553,1476.147,371.508,701,1.2246467991473532e-16,-1.0,-0.19287356890285157,-0.23070868278912693,0.0,401.305,1839.3016666666665,328.62833333333333,1.0291666666666666,0.95,0.81,-0.8500000000000796
2016-07-01,0.84,402.11,1834.26,328.84,154221.484,5376.553,1476.147,371.508,702,-0.4999999999999998,-0.8660254037844388,-0.3765825136882728,-0.1980521247075484,-0.021282417682666477,401.6158333333333,1840.1075,328.6958333333333,1.0383333333333333,0.8,0.73,-0.7399999999999523
2016-08-01,1.01,400.8,1836.83,328.78,154221.484,5376.553,1476.147,371.508,703,-0.8660254037844384,-0.5000000000000004,-0.3257815025739186,0.1401109984407789,-0.018245955479867515,401.9266666666667,1840.7633333333333,328.75083333333333,1.0566666666666666,0.84,0.79,0.20999999999997954
2016-09-01,0.9,400.97,1844.33,328.86,154221.484,5376.553,1476.147,371.508,704,-1.0,-1.8369701987210297e-16,0.04241516966068115,0.4083121464697248,0.02433238031511742,402.2291666666667,1841.4400000000003,328.8025,1.0625,1.01,0.83,1.4800000000000182
2016-10-01,0.86,402.41,1849.96,329.05,154221.484,5376.553,1476.147,371.508,705,-0.8660254037844386,0.5000000000000001,0.3591291119036333,0.3052599046808435,0.05777534513167204,402.53,1842.1466666666665,328.85499999999996,1.0450000000000002,0.9,1.07,1.2699999999999818
2016-11-01,0.91,403.78,1851.46,329.23,154221.484,5376.553,1476.147,371.508,706,-0.5000000000000004,0.8660254037844384,0.34044879600405586,0.08108283422343376,0.05470293268501347,402.815,1842.7233333333334,328.90666666666664,1.0333333333333334,0.86,1.05,-0.07000000000005002
2016-12-01,0.86,404.68,1851.05,329.36,154221.484,5376.553,1476.147,371.508,707,-2.4492935982947064e-16,1.0,0.22289365496062086,-0.02214468581552831,0.039486073565586643,403.06666666666666,1843.2491666666665,328.9558333333333,1.0075,0.91,1.17,-0.4699999999999136
2017-01-01,1.02,405.32,1849.74,329.47,157625.312,5307.768,1499.947,384.212,708,0.49999999999999994,0.8660254037844387,0.1581496491054546,-0.07077064368871122,0.033398105416559964,403.2925,1843.8500000000001,329.0058333333333,0.995,0.86,1.17,-0.26000000000004775
2017-02-01,1.13,405.91,1848.49,329.52,157625.312,5307.768,1499.947,384.212,709,0.8660254037844386,0.5000000000000001,0.14556399881575643,-0.06757706488479398,0.015175888548268901,403.51500000000004,1844.4125000000001,329.05750000000006,0.9758333333333334,1.02,1.36,-0.049999999999954525
2017-03-01,1.16,406.31,1848.24,329.54,157625.312,5307.768,1499.947,384.212,710,1.0,6.123233995736766e-17,0.09854401221944808,-0.013524552472554685,0.0060694343287259755,403.7225,1844.8458333333335,329.1125,0.96,1.13,1.35,-0.19000000000005457
2017-04-01,0.93,406.6,1848.57,329.53,157625.312,5307.768,1499.947,384.212,711,0.8660254037844387,-0.49999999999999983,0.07137407398292162,0.017854824048813,-0.003034532985390914,403.91083333333336,1845.2483333333332,329.1666666666667,0.9475000000000001,1.16,1.08,-0.1099999999999568
2017-05-01,0.91,406.64,1847.22,329.51,157625.312,5307.768,1499.947,384.212,712,0.49999999999999994,-0.8660254037844387,0.009837678307911268,-0.07302942274297619,-0.0060692501441361735,404.09666666666664,1845.6708333333333,329.2166666666667,0.9441666666666667,0.93,0.95,-0.25000000000005684
2017-06-01,0.71,405.84,1842.89,329.58,157625.312,5307.768,1499.947,384.212,713,1.2246467991473532e-16,-1.0,-0.19673421207948572,-0.23440629703013194,0.02124366483566842,404.2808333333333,1846.0866666666668,329.2725,0.9366666666666666,0.91,0.8,-0.839999999999975
2017-07-01,0.82,404.1,1840.22,329.7,157625.312,5307.768,1499.947,384.212,714,-0.4999999999999998,-0.8660254037844388,-0.4287403903015852,-0.14488113777816336,0.036409976333517946,404.4466666666667,1846.5833333333333,329.3441666666667,0.935,0.71,0.84,-0.9399999999999409
2017-08-01,0.87,402.55,1844.58,329.79,157625.312,5307.768,1499.947,384.212,715,-0.8660254037844384,-0.5000000000000004,-0.38356842365750987,0.23692819336817994,0.02729754322112754,404.59250000000003,1847.2291666666667,329.42833333333334,0.9233333333333333,0.82,1.01,0.18999999999994088
2017-09-01,0.74,402.63,1852.76,329.87,157625.312,5307.768,1499.947,384.212,716,-1.0,-1.8369701987210297e-16,0.019873307663642592,0.443461384163335,0.024257861063103903,404.7308333333333,1847.9316666666666,329.5125,0.91,0.87,0.9,1.6299999999999955
2017-10-01,0.88,404.15,1858.03,330.01,157625.312,5307.768,1499.947,384.212,717,-0.8660254037844386,0.5000000000000001,0.3775178203313079,0.2844405103737069,0.04244096159091715,404.87583333333333,1848.6041666666667,329.59250000000003,0.9116666666666666,0.74,0.86,1.4399999999999977
2017-11-01,0.87,405.7,1858.6,330.15,157625.312,5307.768,1499.947,384.212,718,-0.5000000000000004,0.8660254037844384,0.3835209699369013,0.03067765321334015,0.042422956880083795,405.03583333333336,1849.1991666666665,329.6691666666667,0.9083333333333332,0.88,0.91,0.03000000000002956
2017-12-01,0.93,406.76,1856.59,330.29,157625.312,5307.768,1499.947,384.212,719,-2.4492935982947064e-16,1.0,0.2612768055213266,-0.10814591628106607,0.04240496743905808,405.2091666666667,1849.6608333333334,329.74666666666667,0.9141666666666666,0.87,0.86,-0.4900000000000091
2018-01-01,0.82,407.53,1854.53,330.45,161806.125,4882.023,1546.849,404.041,720,0.49999999999999994,0.8660254037844387,0.18930081620611716,-0.11095610770283093,0.04844227799811751,405.3933333333334,1850.0600000000002,329.8283333333333,0.8975,0.93,1.02,-0.29000000000002046
2018-02-01,0.84,408.24,1855.08,330.6,161806.125,4882.023,1546.849,404.041,721,0.8660254037844386,0.5000000000000001,0.17422030279981016,0.029657109887670785,0.0453926463912957,405.5874999999999,1850.6091666666664,329.91833333333335,0.8733333333333332,0.82,1.13,-0.05999999999994543
2018-03-01,0.88,408.78,1856.97,330.69,161806.125,4882.023,1546.849,404.041,722,1.0,6.123233995736766e-17,0.132275132275117,0.1018823986027595,0.027223230490003303,405.79333333333335,1851.3366666666668,330.01416666666665,0.8500000000000001,0.84,1.16,-0.17000000000007276
2018-04-01,0.88,409.08,1856.74,330.71,161806.125,4882.023,1546.849,404.041,723,0.8660254037844387,-0.49999999999999983,0.07338910905620999,-0.012385768213807324,0.006047960325372692,406.0,1852.0175,330.1125,0.8458333333333332,0.88,0.93,-0.23999999999995225
2018-05-01,0.81,408.93,1854.71,330.7,161806.125,4882.023,1546.849,404.041,724,0.49999999999999994,-0.8660254037844387,-0.03666764447051163,-0.10933140881329573,-0.003023797284629204,406.19083333333333,1852.6416666666667,330.21166666666664,0.8374999999999999,0.88,0.91,-0.44999999999998863
2018-06-01,0.76,408.06,1851.85,330.7,161806.125,4882.023,1546.849,404.041,725,1.2246467991473532e-16,-1.0,-0.21275034847040297,-0.15420200462606948,0.0,406.37583333333333,1853.3883333333333,330.305,0.8416666666666667,0.81,0.71,-0.7200000000000273
2018-07-01,0.83,406.49,1849.05,330.75,161806.125,4882.023,1546.849,404.041,726,-0.4999999999999998,-0.8660254037844388,-0.38474734107729613,-0.15120015120014818,0.015119443604483251,406.575,1854.1241666666665,330.3925,0.8424999999999999,0.76,0.82,-0.6999999999999886
2018-08-01,0.78,405.13,1851.94,330.88,161806.125,4882.023,1546.849,404.041,727,-0.8660254037844384,-0.5000000000000004,-0.33457157617653444,0.1562964765690511,0.03930461073318181,406.78999999999996,1854.7375000000002,330.48333333333335,0.8350000000000001,0.83,0.87,0.20999999999997954
2018-09-01,0.8,405.2,1860.46,331.08,161806.125,4882.023,1546.849,404.041,728,-1.0,-1.8369701987210297e-16,0.017278404462772734,0.46005810123437296,0.06044487427465661,407.00416666666666,1855.3791666666666,330.5841666666667,0.84,0.78,0.74,1.4300000000000068
2018-10-01,1.01,406.66,1865.75,331.29,161806.125,4882.023,1546.849,404.041,729,-0.8660254037844386,0.5000000000000001,0.36031589338598735,0.2843382819302631,0.06342877854295104,407.2133333333333,1856.0225,330.69083333333333,0.8508333333333332,0.8,0.88,1.3900000000000432
2018-11-01,0.83,408.12,1866.25,331.48,161806.125,4882.023,1546.849,404.041,730,-0.5000000000000004,0.8660254037844384,0.3590222790537556,0.0267988744472758,0.05735156509403261,407.41499999999996,1856.66,330.8016666666667,0.8475,1.01,0.87,-5.684341886080802e-14
2018-12-01,0.92,409.19,1866.02,331.68,161806.125,4882.023,1546.849,404.041,731,-2.4492935982947064e-16,1.0,0.26217779084583004,-0.012324179504352717,0.060335465186422965,407.6175,1857.4458333333334,330.91749999999996,0.8466666666666667,0.83,0.93,-0.38999999999998636
2019-01-01,0.93,409.93,1865.01,331.78,163694.609,4887.178,1615.727,432.392,732,0.49999999999999994,0.8660254037844387,0.1808450841907172,-0.054125893613143905,0.03014954172695372,407.81750000000005,1858.3191666666664,331.02833333333336,0.8558333333333334,0.92,0.82,-0.3299999999999841
2019-02-01,0.95,410.35,1865.03,331.75,163694.609,4887.178,1615.727,432.392,733,0.8660254037844386,0.5000000000000001,0.10245651696632052,0.0010723803089529582,-0.009042136355408292,407.99333333333334,1859.1483333333333,331.12416666666667,0.8650000000000001,0.93,0.84,-0.3199999999999932
2019-03-01,1.17,410.9,1866.3,331.66,163694.609,4887.178,1615.727,432.392,734,1.0,6.123233995736766e-17,0.134031923967326,0.06809541937662367,-0.027128862094938366,408.17,1859.9258333333335,331.205,0.8891666666666667,0.95,0.88,0.1299999999999386
2019-04-01,1.01,411.35,1865.33,331.62,163694.609,4887.178,1615.727,432.392,735,0.8660254037844387,-0.49999999999999983,0.10951569724995114,-0.051974494990092435,-0.012060543930536571,408.3591666666666,1860.6416666666667,331.2808333333333,0.9,1.17,0.88,-0.09999999999990905
2019-05-01,0.86,411.36,1861.96,331.64,163694.609,4887.178,1615.727,432.392,736,0.49999999999999994,-0.8660254037844387,0.002431019812809687,-0.1806650833900636,0.006030999336581466,408.5616666666667,1861.2458333333332,331.3591666666667,0.9041666666666667,1.01,0.81,-0.44000000000005457
2019-06-01,0.9,410.54,1858.57,331.73,163694.609,4887.178,1615.727,432.392,737,1.2246467991473532e-16,-1.0,-0.19933877868533179,-0.18206620980043553,0.02713786033048393,408.7683333333334,1861.805833333333,331.445,0.9158333333333334,0.86,0.76,-0.8299999999999841
2019-07-01,0.94,408.88,1857.99,331.84,163694.609,4887.178,1615.727,432.392,738,-0.4999999999999998,-0.8660254037844388,-0.4043454961757731,-0.031206788014437326,0.03315949718143418,408.96750000000003,1862.5508333333335,331.5358333333333,0.9250000000000002,0.9,0.83,-0.8400000000000318
2019-08-01,0.95,407.64,1862.87,331.88,163694.609,4887.178,1615.727,432.392,739,-0.8660254037844384,-0.5000000000000004,-0.3032674623361431,0.2626494222250919,0.012054001928651914,409.1766666666667,1863.4616666666664,331.6191666666667,0.9391666666666666,0.94,0.78,0.4200000000000159
2019-09-01,0.93,407.93,1870.79,331.93,163694.609,4887.178,1615.727,432.392,740,-1.0,-1.8369701987210297e-16,0.07114120302227356,0.4251504399126027,0.01506568639266792,409.4041666666667,1864.3225,331.69,0.9500000000000001,0.95,0.8,1.5300000000000296
2019-10-01,1.0,409.44,1875.42,332.08,163694.609,4887.178,1615.727,432.392,741,-0.8660254037844386,0.5000000000000001,0.3701615473242992,0.2474890286991105,0.04519025095652829,409.6358333333333,1865.1283333333333,331.7558333333333,0.9491666666666667,0.93,1.01,1.2199999999999704
2019-11-01,0.99,410.87,1875.61,332.26,163694.609,4887.178,1615.727,432.392,742,-0.5000000000000004,0.8660254037844384,0.34925752246972586,0.010131063974982979,0.05420380631173671,409.865,1865.908333333333,331.8208333333333,0.9625,1.0,0.83,-0.07999999999998408
2019-12-01,1.11,411.76,1874.61,332.4,163694.609,4887.178,1615.727,432.392,743,-2.4492935982947064e-16,1.0,0.2166135273930836,-0.05331598786527669,0.04213567687954001,410.07916666666665,1866.6241666666665,331.8808333333333,0.9783333333333334,0.99,0.92,-0.5400000000000205
2020-01-01,1.18,412.43,1872.91,332.5,157993.891,4516.54,1624.052,400.001,744,0.49999999999999994,0.8660254037844387,0.16271614532736844,-0.0906855292567399,0.030084235860416975,410.28749999999997,1867.2825,331.94083333333333,0.9991666666666665,1.11,0.93,-0.21999999999997044
2020-02-01,1.24,412.95,1872.3,332.56,157993.891,4516.54,1624.052,400.001,745,0.8660254037844386,0.5000000000000001,0.12608200179424767,-0.032569637622748004,0.018045112781961414,410.50416666666666,1867.8883333333333,332.0083333333333,1.0233333333333332,1.18,0.95,-0.1500000000000341
2020-03-01,1.18,413.44,1874.37,332.63,157993.891,4516.54,1624.052,400.001,746,1.0,6.123233995736766e-17,0.1186584332243612,0.11055920525555596,0.021048833293235703,410.71583333333325,1868.5608333333332,332.0891666666667,1.0241666666666667,1.24,1.17,-0.029999999999972715
2020-04-01,1.12,413.86,1875.78,332.71,157993.891,4516.54,1624.052,400.001,747,0.8660254037844387,-0.49999999999999983,0.10158668730650966,0.07522527569263637,0.02405074707632071,410.925,1869.4316666666666,332.18,1.0333333333333334,1.18,1.01,-0.06999999999999318
2020-05-01,0.99,413.81,1874.41,332.78,157993.891,4516.54,1624.052,400.001,748,0.49999999999999994,-0.8660254037844387,-0.012081380176875989,-0.07303628357269165,0.021039343572470948,411.1291666666666,1870.4691666666668,332.275,1.0441666666666667,1.12,0.86,-0.4700000000000273
2020-06-01,0.91,412.88,1871.97,332.88,157993.891,4516.54,1624.052,400.001,749,1.2246467991473532e-16,-1.0,-0.22474082308305832,-0.13017429484477594,0.030049882805460726,411.3241666666666,1871.5858333333335,332.37083333333334,1.0450000000000002,0.99,0.9,-0.8799999999999955
2020-07-01,0.89,411.17,1871.47,333.02,157993.891,4516.54,1624.052,400.001,750,-0.4999999999999998,-0.8660254037844388,-0.41416392172058947,-0.026709829751547787,0.04205719778898054,411.51500000000004,1872.7091666666665,332.4691666666667,1.0408333333333333,0.91,0.94,-0.7799999999999727
2020-08-01,0.86,409.73,1876.39,333.15,157993.891,4516.54,1624.052,400.001,751,-0.8660254037844384,-0.5000000000000004,-0.3502201036067798,0.262894943547054,0.03903669449281111,411.6891666666667,1873.8358333333335,332.575,1.0333333333333334,0.89,0.95,0.2699999999999818
2020-09-01,0.96,410.0,1884.56,333.26,157993.891,4516.54,1624.052,400.001,752,-1.0,-1.8369701987210297e-16,0.06589705415760427,0.4354105489796867,0.0330181599879964,411.8616666666667,1874.9833333333333,332.68583333333333,1.0358333333333334,0.86,0.93,1.7099999999999795
2020-10-01,0.87,411.66,1889.99,333.42,157993.891,4516.54,1624.052,400.001,753,-0.8660254037844386,0.5000000000000001,0.40487804878048816,0.28813091650041756,0.04801056232370815,412.0466666666667,1876.1975,332.79749999999996,1.0250000000000001,0.96,1.0,1.3900000000000432
2020-11-01,1.08,413.25,1891.47,333.6,157993.891,4516.54,1624.052,400.001,754,-0.5000000000000004,0.8660254037844384,0.38624107272990926,0.07830729263118563,0.053985963649449964,412.24500000000006,1877.5191666666667,332.90916666666664,1.0325,0.87,0.99,-0.07000000000005002
2020-12-01,0.79,414.14,1890.97,333.76,157993.891,4516.54,1624.052,400.001,755,-2.4492935982947064e-16,1.0,0.21536600120992677,-0.026434466314562144,0.04796163069542558,412.4433333333333,1878.8825,333.0225,1.0058333333333334,1.08,1.11,-0.6999999999999886
2021-01-01,0.81,414.73,1888.62,333.88,166043.5,4657.103,1666.885,402.216,756,0.49999999999999994,0.8660254037844387,0.14246390109624585,-0.12427484306997139,0.035953978907010686,412.635,1880.1916666666666,333.1375,0.9750000000000001,0.79,1.18,-0.2999999999999545
2021-02-01,0.64,415.2,1886.66,333.96,166043.5,4657.103,1666.885,402.216,757,0.8660254037844386,0.5000000000000001,0.11332674270005949,-0.10377947919644193,0.023960704444703218,412.8225,1881.3883333333333,333.25416666666666,0.9250000000000002,0.81,1.24,-0.12000000000006139
2021-03-01,0.89,415.49,1887.99,334.01,166043.5,4657.103,1666.885,402.216,758,1.0,6.123233995736766e-17,0.069845857418116,0.07049494874540319,0.014971852916523254,412.99333333333334,1882.5233333333333,333.3691666666667,0.9008333333333334,0.64,1.18,-0.17999999999994998
2021-04-01,0.76,415.81,1890.8,334.06,166043.5,4657.103,1666.885,402.216,759,0.8660254037844387,-0.49999999999999983,0.07701749741269026,0.14883553408651107,0.014969611688275819,413.1558333333333,1883.7749999999999,333.4816666666666,0.8708333333333332,0.89,1.12,0.029999999999972715
2021-05-01,0.79,416.01,1891.28,334.1,166043.5,4657.103,1666.885,402.216,760,0.49999999999999994,-0.8660254037844387,0.048098891320558224,0.025386079966160935,0.011973896904748926,413.3391666666667,1885.180833333333,333.59166666666664,0.8541666666666666,0.76,0.99,-0.12000000000000455
2021-06-01,0.85,415.2,1888.08,334.12,166043.5,4657.103,1666.885,402.216,761,1.2246467991473532e-16,-1.0,-0.19470685800822007,-0.16919758047460043,0.005986231667165498,413.5325,1886.5233333333333,333.695,0.8491666666666666,0.79,0.91,-1.009999999999991
2021-07-01,0.92,413.45,1885.99,334.15,166043.5,4657.103,1666.885,402.216,762,-0.4999999999999998,-0.8660254037844388,-0.42148362235067127,-0.11069446209905909,0.008978810008364313,413.7225,1887.7333333333336,333.78916666666663,0.8516666666666667,0.85,0.89,-0.9399999999999977
2021-08-01,0.81,412.15,1892.32,334.23,166043.5,4657.103,1666.885,402.216,763,-0.8660254037844384,-0.5000000000000004,-0.31442737936873133,0.33563274460628456,0.023941343707933882,413.9241666666667,1889.0608333333332,333.87916666666666,0.8475,0.92,0.86,0.44999999999998863
2021-09-01,0.92,412.38,1902.43,334.41,166043.5,4657.103,1666.885,402.216,764,-1.0,-1.8369701987210297e-16,0.055804925391256255,0.5342648177898202,0.05385512970110806,414.12249999999995,1890.5500000000002,333.975,0.8441666666666667,0.81,0.96,1.5300000000000296
2021-10-01,0.98,413.83,1907.92,334.63,166043.5,4657.103,1666.885,402.216,765,-0.8660254037844386,0.5000000000000001,0.35161744022502717,0.288578291973951,0.0657875063544644,414.3033333333333,1892.0441666666666,334.0758333333333,0.8533333333333334,0.92,0.87,1.2199999999999704
2021-11-01,0.92,415.58,1909.23,334.85,166043.5,4657.103,1666.885,402.216,766,-0.5000000000000004,0.8660254037844384,0.42287895995940517,0.06866115979704546,0.0657442548486431,414.49749999999995,1893.5241666666668,334.18,0.84,0.98,1.08,0.30000000000001137
2021-12-01,0.87,416.6,1907.95,335.05,166043.5,4657.103,1666.885,402.216,767,-2.4492935982947064e-16,1.0,0.24544010780116476,-0.06704273450552911,0.05972823652380388,414.70250000000004,1894.9391666666668,334.28749999999997,0.8466666666666667,0.92,0.79,-0.7299999999999613
2022-01-01,0.91,417.18,1906.33,335.22,169061.531,4785.392,1578.739,398.871,768,0.49999999999999994,0.8660254037844387,0.13922227556408817,-0.08490788542677707,0.05073869571705636,414.9066666666667,1896.4150000000002,334.39916666666664,0.855,0.87,0.81,-0.44000000000005457
2022-02-01,0.89,417.64,1906.42,335.31,169061.531,4785.392,1578.739,398.871,769,0.8660254037844386,0.5000000000000001,0.1102641545615679,0.004721113343442163,0.026848040093074843,415.10999999999996,1898.0616666666667,334.5116666666667,0.8758333333333334,0.91,0.64,-0.12000000000000455
2022-03-01,1.04,418.16,1907.77,335.38,169061.531,4785.392,1578.739,398.871,770,1.0,6.123233995736766e-17,0.1245091466334669,0.07081335697274316,0.0208762041096211,415.33250000000004,1899.71,334.62583333333333,0.8883333333333333,0.89,0.89,0.06000000000005912
2022-04-01,0.83,418.58,1908.84,335.43,169061.531,4785.392,1578.739,398.871,771,0.8660254037844387,-0.49999999999999983,0.10044002295770404,0.05608642551251375,0.014908462043061732,415.56333333333333,1901.2133333333334,334.74,0.8941666666666667,1.04,0.76,-0.10000000000007958
2022-05-01,0.84,418.45,1907.49,335.45,169061.531,4785.392,1578.739,398.871,772,0.49999999999999994,-0.8660254037844387,-0.031057384490418283,-0.07072358081346986,0.005962495900768694,415.76666666666665,1902.5641666666663,334.8525,0.8983333333333333,0.83,0.79,-0.5499999999999545
2022-06-01,0.92,417.42,1904.83,335.47,169061.531,4785.392,1578.739,398.871,773,1.2246467991473532e-16,-1.0,-0.24614649300991331,-0.13945027234743002,0.005962140408422023,415.95166666666665,1903.96,334.965,0.9041666666666667,0.84,0.85,-0.8999999999999773
2022-07-01,0.94,415.66,1904.0,335.54,169061.531,4785.392,1578.739,398.871,774,-0.4999999999999998,-0.8660254037844388,-0.4216376790762255,-0.043573442249433825,0.0208662473544452,416.1358333333333,1905.4608333333333,335.0808333333334,0.9058333333333334,0.92,0.92,-0.7300000000000182
2022-08-01,0.94,414.39,1908.32,335.63,169061.531,4785.392,1578.739,398.871,775,-0.8660254037844384,-0.5000000000000004,-0.3055381802434809,0.22689075630251132,0.026822435477136253,416.3225,1906.7941666666666,335.19750000000005,0.9166666666666666,0.94,0.81,0.48999999999995225
2022-09-01,0.88,414.62,1915.03,335.75,169061.531,4785.392,1578.739,398.871,776,-1.0,-1.8369701987210297e-16,0.05550326986656362,0.35161817724491673,0.035753657301196284,416.5091666666667,1907.8441666666665,335.30916666666667,0.9133333333333332,0.94,0.92,1.5000000000000568
2022-10-01,0.97,416.14,1919.46,335.92,169061.531,4785.392,1578.739,398.871,777,-0.8660254037844386,0.5000000000000001,0.366600742848866,0.23132796875244832,0.05063291139240089,416.70166666666665,1908.805833333333,335.4166666666667,0.9125,0.88,0.98,1.2899999999999636
2022-11-01,0.73,417.84,1922.21,336.12,169061.531,4785.392,1578.739,398.871,778,-0.5000000000000004,0.8660254037844384,0.4085163646849521,0.14326946120262196,0.0595379852345701,416.89000000000004,1909.8875,335.5225,0.8966666666666666,0.97,0.92,0.18000000000000682
2022-12-01,0.79,418.91,1922.02,336.29,169061.531,4785.392,1578.739,398.871,779,-2.4492935982947064e-16,1.0,0.256078881868671,-0.009884455912723134,0.05057717481851132,417.0825,1911.0600000000002,335.62583333333333,0.89,0.73,0.87,-0.6299999999999386
2023-01-01,0.87,419.37,1919.9,336.41,172238.781,4745.551,1540.286,411.343,780,0.49999999999999994,0.8660254037844387,0.1098087894774391,-0.11030062122141526,0.0356834874661871,417.26500000000004,1912.190833333333,335.72499999999997,0.8866666666666667,0.79,0.91,-0.6100000000000705
2023-02-01,0.96,419.65,1918.93,336.49,172238.781,4745.551,1540.286,411.343,781,0.8660254037844386,0.5000000000000001,0.06676681689199437,-0.05052346476379643,0.02378050593025982,417.43250000000006,1913.2333333333333,335.8233333333333,0.8925,0.87,0.89,-0.18000000000000682
2023-03-01,1.23,419.98,1918.73,336.53,172238.781,4745.551,1540.286,411.343,782,1.0,6.123233995736766e-17,0.07863695937091464,-0.010422475025151368,0.011887426075052332,417.5841666666666,1914.1466666666665,335.9191666666666,0.9083333333333333,0.96,1.04,0.05000000000006821
2023-04-01,0.99,420.49,1919.7,336.54,172238.781,4745.551,1540.286,411.343,783,0.8660254037844387,-0.49999999999999983,0.12143435401685831,0.05055427287841141,0.0029715032835220256,417.74333333333334,1915.0516666666665,336.0116666666667,0.9216666666666667,1.23,0.83,0.17999999999994998
2023-05-01,0.94,420.57,1919.12,336.54,172238.781,4745.551,1540.286,411.343,784,0.49999999999999994,-0.8660254037844387,0.019025422721097307,-0.03021305412305164,0.0,417.92,1916.0208333333333,336.1025,0.93,0.99,0.84,-0.4300000000000068
2023-06-01,1.08,419.58,1915.05,336.56,172238.781,4745.551,1540.286,411.343,785,1.2246467991473532e-16,-1.0,-0.23539482131392786,-0.21207636833547872,0.005942829975635888,418.09999999999997,1916.8725000000002,336.1933333333333,0.9433333333333334,0.94,0.92,-1.0699999999999932
2023-07-01,1.19,417.92,1912.94,336.6,172238.781,4745.551,1540.286,411.343,786,-0.4999999999999998,-0.8660254037844388,-0.39563372896705973,-0.11017989086445912,0.011884953648677588,418.28833333333336,1917.6175,336.2816666666667,0.9641666666666665,1.08,0.94,-0.6699999999999591
2023-08-01,1.19,416.78,1916.7,336.65,172238.781,4745.551,1540.286,411.343,787,-0.8660254037844384,-0.5000000000000004,-0.2727794793262017,0.19655608644286726,0.014854426619126393,418.48749999999995,1918.3158333333333,336.3666666666667,0.985,1.19,0.94,0.519999999999925
2023-09-01,1.48,417.18,1924.38,336.73,172238.781,4745.551,1540.286,411.343,788,-1.0,-1.8369701987210297e-16,0.09597389510054288,0.4006886836750656,0.02376355265112373,418.7008333333333,1919.095,336.4483333333333,1.035,1.19,0.88,1.5400000000000773
2023-10-01,1.34,418.84,1930.11,336.89,172238.781,4745.551,1540.286,411.343,789,-0.8660254037844386,0.5000000000000001,0.39790977515699044,0.29775823901723175,0.04751581385677994,418.9258333333334,1919.9825,336.52916666666664,1.0658333333333332,1.48,0.97,1.259999999999934
2023-11-01,1.4,420.4,1931.55,337.09,172238.781,4745.551,1540.286,411.343,790,-0.5000000000000004,0.8660254037844384,0.3724572629166367,0.07460714674294433,0.0593665588174197,419.13916666666665,1920.760833333333,336.61,1.1216666666666666,1.34,0.73,-0.0999999999999659
2023-12-01,1.35,421.5,1931.15,337.3,172238.781,4745.551,1540.286,411.343,791,-2.4492935982947064e-16,1.0,0.2616555661274944,-0.020708757215703866,0.062297902637298286,419.355,1921.5216666666665,336.69416666666666,1.1683333333333332,1.4,0.79,-0.45999999999997954
2024-01-01,1.25,422.21,1928.22,337.46,176737.094,4585.508,1472.818,415.708,792,0.49999999999999994,0.8660254037844387,0.16844602609726866,-0.15172306656655588,0.04743551734360807,419.59166666666664,1922.2150000000001,336.7816666666667,1.2,1.35,0.87,-0.3900000000000432
2024-02-01,1.43,422.8,1925.73,337.54,176737.094,4585.508,1472.818,415.708,793,0.8660254037844386,0.5000000000000001,0.13974088723620604,-0.12913464231260052,0.023706513364563087,419.8541666666667,1922.7816666666668,336.8691666666667,1.2391666666666667,1.25,0.96,-0.1199999999999477
2024-03-01,1.39,423.41,1927.15,337.57,176737.094,4585.508,1472.818,415.708,794,1.0,6.123233995736766e-17,0.1442762535477815,0.07373827068177796,0.008887835515780651,420.14000000000004,1923.4833333333336,336.9558333333334,1.2525,1.43,1.23,0.01999999999998181
2024-04-01,1.31,423.88,1928.55,337.6,176737.094,4585.508,1472.818,415.708,795,0.8660254037844387,-0.49999999999999983,0.11100351904771433,0.07264613548503274,0.008887045649808023,420.42249999999996,1924.2208333333335,337.0441666666667,1.2791666666666666,1.39,0.99,-0.1400000000000432
2024-05-01,1.16,423.94,1925.56,337.66,176737.094,4585.508,1472.818,415.708,796,0.49999999999999994,-0.8660254037844387,0.014154949514022519,-0.15503875968991832,0.01777251184833517,420.7033333333333,1924.7575,337.1375,1.2975,1.31,0.94,-0.40999999999996817
2024-06-01,1.24,423.22,1921.35,337.69,176737.094,4585.508,1472.818,415.708,797,1.2246467991473532e-16,-1.0,-0.1698353540595332,-0.21863769500820585,0.008884676893905485,421.00666666666666,1925.2825,337.2316666666666,1.3108333333333333,1.16,1.08,-0.7799999999999727
2024-07-01,1.2,421.6,1920.39,337.66,176737.094,4585.508,1472.818,415.708,798,-0.4999999999999998,-0.8660254037844388,-0.38277964179386226,-0.049964868451857214,-0.008883887589206108,421.31333333333333,1925.9033333333334,337.32,1.3116666666666668,1.24,1.19,-0.9000000000000341
2024-08-01,1.3,420.27,1924.85,337.62,176737.094,4585.508,1472.818,415.708,799,-0.8660254037844384,-0.5000000000000004,-0.31546489563568647,0.23224449200420771,-0.011846235858559151,421.6041666666667,1926.5824999999998,337.4008333333333,1.3208333333333333,1.2,1.19,0.2899999999999636
2024-09-01,1.23,420.59,1934.31,337.67,176737.094,4585.508,1472.818,415.708,800,-1.0,-1.8369701987210297e-16,0.07614152806529884,0.4914668675481293,0.014809549197325467,421.8883333333333,1927.41,337.4791666666667,1.3,1.3,1.48,1.650000000000034
2024-10-01,1.34,422.34,1940.75,337.85,176737.094,4585.508,1472.818,415.708,801,-0.8660254037844386,0.5000000000000001,0.41608217028459293,0.33293525856765704,0.05330648266059779,422.18,1928.2966666666669,337.55916666666667,1.3,1.23,1.34,1.4300000000000068
2024-11-01,1.29,424.06,1940.0,338.08,176737.094,4585.508,1472.818,415.708,802,-0.5000000000000004,0.8660254037844384,0.407254818392766,-0.03864485379363458,0.06807754920821196,422.48499999999996,1929.0008333333335,337.64166666666665,1.2908333333333333,1.34,1.4,-0.029999999999972715
2024-12-01,1.26,425.21,1937.41,338.29,176737.094,4585.508,1472.818,415.708,803,-2.4492935982947064e-16,1.0,0.27118803942838277,-0.13350515463916857,0.06211547562708919,422.7941666666666,1929.5225,337.7241666666667,1.2833333333333334,1.29,1.35,-0.57000000000005
2025-01-01,1.37,426.04,1935.39,338.44,176737.094,4585.508,1472.818,415.708,804,0.49999999999999994,0.8660254037844387,0.19519766703512964,-0.10426290769636193,0.044340654468055796,423.1133333333333,1930.12,337.80583333333334,1.2933333333333332,1.26,1.25,-0.31999999999993634
2025-02-01,1.26,426.45,1933.83,338.53,176737.094,4585.508,1472.818,415.708,805,0.8660254037844386,0.5000000000000001,0.09623509529621543,-0.08060390928961159,0.02659260134734165,423.4175,1930.795,337.8883333333334,1.2791666666666666,1.37,1.43,-0.42000000000007276
2025-03-01,1.37,426.58,1933.64,338.6,176737.094,4585.508,1472.818,415.708,806,1.0,6.123233995736766e-17,0.030484230273186697,-0.00982506218228929,0.020677635660071303,423.6816666666667,1931.3358333333333,337.9741666666667,1.2775,1.26,1.39,-0.2799999999999727
2025-04-01,1.24,426.93,1934.48,338.64,176737.094,4585.508,1472.818,415.708,807,0.8660254037844387,-0.49999999999999983,0.08204791598294126,0.04344138515959273,0.011813349084444091,423.9358333333333,1931.83,338.06083333333333,1.2716666666666667,1.37,1.31,0.22000000000002728
2025-05-01,1.08,426.9,1933.03,338.64,176737.094,4585.508,1472.818,415.708,808,0.49999999999999994,-0.8660254037844387,-0.00702691307709058,-0.07495554360862355,0.0,424.18250000000006,1932.4525,338.1425,1.265,1.24,1.16,-0.3800000000000523
2025-06-01,1.06,425.86,1928.79,338.67,176737.094,4585.508,1472.818,415.708,809,1.2246467991473532e-16,-1.0,-0.24361677207775934,-0.2193447592639508,0.00885896527287322,424.4025,1933.0725,338.2241666666667,1.25,1.08,1.24,-1.009999999999934
2025-07-01,1.02,424.22,1926.54,338.77,176737.094,4585.508,1472.818,415.708,810,-0.4999999999999998,-0.8660254037844388,-0.38510308552105466,-0.1166534459427937,0.029527268432394393,424.62083333333334,1933.585,338.31666666666666,1.235,1.06,1.2,-0.6000000000000227
2025-08-01,1.17,423.04,1930.61,338.88,176737.094,4585.508,1472.818,415.708,811,-0.8660254037844384,-0.5000000000000004,-0.27815755975673095,0.21125956377754385,0.032470407651219446,424.8516666666667,1934.0650000000003,338.4216666666667,1.2241666666666666,1.02,1.3,0.45999999999997954
2025-09-01,1.25,423.15,1939.45,338.99,176737.094,4585.508,1472.818,415.708,812,-1.0,-1.8369701987210297e-16,0.026002269288949442,0.4578863675211542,0.032459867799805586,425.065,1934.493333333333,338.5316666666667,1.2258333333333333,1.17,1.23,1.2899999999999636
2025-10-01,1.19,424.72,1946.16,339.21,176737.094,4585.508,1472.818,415.708,813,-0.8660254037844386,0.5000000000000001,0.37102682263974174,0.3459743741782484,0.06489866957726242,425.2633333333333,1934.944166666667,338.645,1.2133333333333332,1.25,1.34,1.4600000000000932
2025-11-01,1.21,426.47,1945.85,339.46,176737.094,4585.508,1472.818,415.708,814,-0.5000000000000004,0.8660254037844384,0.412036165002827,-0.015928803387188495,0.07370065740985865,425.4641666666667,1935.4316666666666,338.76,1.2066666666666668,1.19,1.29,0.17999999999994998
